model,train_mse,val_mse,epochs
GCN_AE,3006879.25,1778398.5,30
SAGE_AE,61221.4296875,59957.30078125,30
GAT_AE,3009724.25,3018049.0,30
PaperGAT_AE,4175646.25,4197445.5,50
